{"cameraMode":{"drawMode":0,"name":"Shaded","section":"Shading Mode"},"sceneLighting":true,"audioPlay":false,"sceneViewState":{"m_AlwaysRefresh":false,"showFog":true,"showSkybox":false,"showFlares":true,"showImageEffects":true,"showParticleSystems":true,"showVisualEffectGraphs":true,"m_FxEnabled":true},"in2DMode":false,"pivot":{"x":355.6015930175781,"y":241.54354858398438,"z":55.00494384765625},"rotation":{"x":0.05978873744606972,"y":0.07628793269395828,"z":-0.00458243815228343,"w":0.9952827095985413},"size":330.3233642578125,"orthographic":false}